folder,alternativeMeasure,game,series,group,lines,words,sentences,syllables,FleschKincaidReadability,FleschReadability,DaleChallReadability,numCharacters
../data/Hades/Hades/,True,Hades,Hades,TOTAL,20647,231602,55778,279633,0.2765162837482755,100.4756552120703,6.414506620283978,34
../data/Hades/Hades/,True,Hades,Hades,male,15908,169830,42046,204385,0.18619201796209595,100.92185766057672,6.423694279413062,19
../data/Hades/Hades/,True,Hades,Hades,female,4140,56021,12299,67841,0.4761292503359069,99.76180386182729,6.34024304260262,11
../data/Hades/Hades/,True,Hades,Hades,neutral,599,5751,1432,7407,1.174073043162764,93.79813424541666,6.8888143667023165,4
