folder,alternativeMeasure,game,series,group,lines,words,sentences,syllables,FleschKincaidReadability,FleschReadability,DaleChallReadability,numCharacters
../data/Hades/Hades/,True,Hades,Hades,TOTAL,20875,236161,57850,284126,0.19871165032196458,100.90895538145524,6.361185826018556,55
../data/Hades/Hades/,True,Hades,Hades,male,16148,173977,43816,208706,0.11404101177447146,101.31710183025861,6.362446079197797,19
../data/Hades/Hades/,True,Hades,Hades,female,4143,56430,12624,68094,0.39236530554696536,100.21119354567286,6.306042580093511,11
../data/Hades/Hades/,True,Hades,Hades,genderless,354,4849,944,6268,1.6664188470626495,92.26415186623312,6.851292402067873,1
../data/Hades/Hades/,True,Hades,Hades,neutral,0,NA,NA,NA,NA,NA,NA,0
../data/Hades/Hades/,True,Hades,Hades,droppedMale,202,826,417,969,-0.9746248715313452,105.57822544869677,7.2330172063801745,16
../data/Hades/Hades/,True,Hades,Hades,droppedFemale,28,79,48,89,-1.6544541139240483,109.855618407173,7.315854852320675,8
