folder,alternativeMeasure,game,series,group,lines,words,sentences,syllables,FleschKincaidReadability,FleschReadability,DaleChallReadability,numCharacters
../data/Hades/Hades/,True,Hades,Hades,TOTAL,20839,232545,56144,280860,0.2769976664832363,100.45390853286598,6.419048498511469,34
../data/Hades/Hades/,True,Hades,Hades,male,16273,171517,42666,206545,0.1876479935221358,100.87730187441224,6.433756620968645,20
../data/Hades/Hades/,True,Hades,Hades,female,4155,56088,12329,67918,0.47305585435139896,99.77377693522615,6.3395366624992,11
../data/Hades/Hades/,True,Hades,Hades,neutral,411,4940,1148,6397,1.3685063973253957,92.9154547249926,6.8385286574785935,3
