folder,alternativeMeasure,game,series,group,lines,words,sentences,syllables,FleschKincaidReadability,FleschReadability,DaleChallReadability,numCharacters
../data/Hades/Hades/,True,Hades,Hades,TOTAL,20875,236161,57850,284126,0.19871165032196458,100.90895538145524,6.361185826018556,57
../data/Hades/Hades/,True,Hades,Hades,male,16110,173976,43659,208705,0.1196142637861719,101.30253525208002,6.3630769374815115,19
../data/Hades/Hades/,True,Hades,Hades,female,4140,56397,12609,68057,0.39400875993867324,100.20422071392346,6.30620894455194,11
../data/Hades/Hades/,True,Hades,Hades,neutral,395,4883,1116,6306,1.355171403310587,93.13985512699682,6.812328284069447,3
../data/Hades/Hades/,True,Hades,Hades,droppedMale,202,826,417,969,-0.9746248715313452,105.57822544869677,7.2330172063801745,16
../data/Hades/Hades/,True,Hades,Hades,droppedFemale,28,79,48,89,-1.6544541139240483,109.855618407173,7.315854852320675,8
