folder,alternativeMeasure,game,series,group,lines,words,sentences,syllables,FleschKincaidReadability,FleschReadability,DaleChallReadability,numCharacters
../data/MassEffect/MassEffect3C/,False,Mass Effect 3,Mass Effect,TOTAL,40540,361358,95688,458575,0.8573854798107252,95.6417958173261,7.185015568138102,476
../data/MassEffect/MassEffect3C/,False,Mass Effect 3,Mass Effect,playerChoice,8684,66068,18542,79231,-0.049407326328886114,101.76319201368426,6.533726016842767,1
../data/MassEffect/MassEffect3C/,False,Mass Effect 3,Mass Effect,male,19050,176144,45672,224711,0.967654418872975,94.99424297431865,7.26101378979429,310
../data/MassEffect/MassEffect3C/,False,Mass Effect 3,Mass Effect,female,12761,118845,31386,154229,1.2000003631702096,93.20348469816047,7.43284890739573,149
../data/MassEffect/MassEffect3C/,False,Mass Effect 3,Mass Effect,neutral,91,1052,176,1464,3.1624291393017643,83.03574879018323,7.985539267196681,15
../data/MassEffect/MassEffect3C/,False,Mass Effect 3,Mass Effect,genderless,5,64,18,79,0.36229166666666757,98.79798611111113,5.786605555555555,2
