folder,alternativeMeasure,game,series,group,lines,words,sentences,syllables,FleschKincaidReadability,FleschReadability,DaleChallReadability,numCharacters
../data/Persona/Persona4/,False,Persona 4,Persona,TOTAL,16477,156753,58123,186273,-0.5160050402068634,103.56560717749417,6.365116384127596,259
../data/Persona/Persona4/,False,Persona 4,Persona,male,8421,81960,29100,96995,-0.5269379229495907,103.8569678344478,6.415571009141999,130
../data/Persona/Persona4/,False,Persona 4,Persona,female,7993,74354,28874,88652,-0.5166069165980751,103.35298570790201,6.301532863523767,115
../data/Persona/Persona4/,False,Persona 4,Persona,neutral,63,439,148,626,2.3932480145293358,83.18738849042667,7.812052570337992,14
